{"chunk_definitions":[{"row":35,"row_count":1,"visible":true,"expansion_state":0,"options":{"engine":"r","label":"setup","include":false,"dev":"png"},"document_id":"CCF3AEAE","chunk_id":"csetup_chunk","chunk_label":"setup"},{"row":50,"row_count":1,"visible":true,"expansion_state":0,"options":{"engine":"r","label":"TrainModel","message":false,"warning":false,"fig.align":"center","dev":"png"},"document_id":"CCF3AEAE","chunk_id":"cn9efckntiwz3","chunk_label":"TrainModel"}],"doc_write_time":1751943942,"working_dir":null,"default_chunk_options":{}}