"0","library(CellFuse)"
"0","#### Train model using Levine32 data ####"
"0","TrainModel(dataset_name=""Levine32"","
"0","              data_dir=""/Users/koladiya/Documents/Postdoc/Papers/CellFuse/Figure_2/BM/Reference_Data/"", "
"0","              save_path=""/Users/koladiya/Documents/Postdoc/Papers/CellFuse/Figure_2/BM/Predicted_Data/"","
"0","              device=""cpu"",cluster_column = ""cluster.orig"", "
"0","              lr=as.numeric(0.0009), margin=as.numeric(0.8), bs=as.integer(256), epoch=as.integer(50),"
"0","              k=as.integer(5), min_delta=as.numeric(0.01), patience=as.integer(5), val_step=as.integer(5),"
"0","              output_dim=as.integer(8), dropout_prob=as.numeric(0.7),"
"0","              activation_function='leaky_relu',alpha=as.numeric(0.01))"
"1","CD45RA, CD19, CD4, CD8, CD34, CD123, CD14, CD11c, CD16, CD38, CD3, HLA-DR, cluster.orig
Training data: Number of Cells and Markers: (14004, 12)
"
"1","Epoch: 0, Learning Rate: 0.0009
Improvement: Val Loss = 0.115734, Best Loss = 0.115734
"
"1","Epoch:0, training loss:0.4001, validation loss:0.1157, training accuracy:0.9818, validation accuracy:0.9780
"
"1","Epoch: 1, Learning Rate: 0.0009
Improvement: Val Loss = 0.021735, Best Loss = 0.021735
"
"1","Epoch:1, training loss:0.0677, validation loss:0.0217, training accuracy:0.9948, validation accuracy:0.9923
"
"1","Epoch: 2, Learning Rate: 0.0009
Improvement: Val Loss = 0.010311, Best Loss = 0.010311
"
"1","Epoch:2, training loss:0.0355, validation loss:0.0103, training accuracy:0.9939, validation accuracy:0.9927
"
"1","Epoch: 3, Learning Rate: 0.0009
No significant improvement: Counter = 1, Val Loss = 0.009972, Best Loss = 0.010311
"
"1","Epoch:3, training loss:0.0282, validation loss:0.0100, training accuracy:0.9966, validation accuracy:0.9933
"
"1","Epoch: 4, Learning Rate: 0.0009
No significant improvement: Counter = 2, Val Loss = 0.008432, Best Loss = 0.010311
"
"1","Epoch:4, training loss:0.0210, validation loss:0.0084, training accuracy:0.9971, validation accuracy:0.9947
"
"1","Epoch: 5, Learning Rate: 0.0009
No significant improvement: Counter = 3, Val Loss = 0.006545, Best Loss = 0.010311
"
"1","Epoch:5, training loss:0.0178, validation loss:0.0065, training accuracy:0.9971, validation accuracy:0.9953
"
"1","Epoch: 6, Learning Rate: 0.0009
No significant improvement: Counter = 4, Val Loss = 0.005378, Best Loss = 0.010311
"
"1","Epoch:6, training loss:0.0143, validation loss:0.0054, training accuracy:0.9983, validation accuracy:0.9952
"
"1","Epoch: 7, Learning Rate: 0.0009
No significant improvement: Counter = 5, Val Loss = 0.004722, Best Loss = 0.010311
Early stopping triggered.
Stopping Early||epoch:7, training loss:0.0143, validation loss:0.0047
"
